<?xml version="1.0" encoding="UTF-8"?>
<project-private xmlns="http://www.netbeans.org/ns/project-private/1">
    <editor-bookmarks xmlns="http://www.netbeans.org/ns/editor-bookmarks/1">
        <file>
            <url>src/java/edu/umss/devportal/reports/backbeans/MagicNumbersBean.java</url>
            <line>759</line>
        </file>
        <file>
            <url>web/views/home.xhtml</url>
            <line>17</line>
        </file>
    </editor-bookmarks>
    <editor-bookmarks xmlns="http://www.netbeans.org/ns/editor-bookmarks/2" lastBookmarkId="0">
        <file>
            <url>web/views/home.xhtml</url>
            <bookmark id="0">
                <name/>
                <line>18</line>
                <key/>
            </bookmark>
        </file>
        <file>
            <url>src/java/edu/umss/devportal/reports/backbeans/MagicNumbersBean.java</url>
            <bookmark id="0">
                <name/>
                <line>757</line>
                <key/>
            </bookmark>
        </file>
    </editor-bookmarks>
</project-private>
